CodVisitante,Nome,CPF,Telefone,Endereco
5001,Maria Joaquina da Silva,11122233344,86999998888,Rua das Flores 123, Teresina-PI
5002,José Almeida,55566677788,86988887777,Avenida Principal 456, Teresina-PI
5003,Beatriz Costa,99988877766,,Rua Longa 789, Timon-MA
5004,Pedro Henrique Santos,12312312312,86991112222,Rua do Sol 45, Teresina-PI
5005,Ana Luiza Castro,32132132132,86992223333,Avenida Frei Serafim 300, Teresina-PI
5006,Caio Matos,45645645645,86993334444,Rua Projetada 10, Altos-PI
5007,Larissa Moura,65465465465,86994445555,Rua Boa Esperança 90, Timon-MA
5008,Lucas Martins,78978978978,86995556666,Rua São Pedro 67, Campo Maior-PI
5009,Patrícia Oliveira,98798798798,86996667777,Avenida Central 212, Teresina-PI
5010,Fernando Rocha,14714714714,86997778888,Rua 3 de Maio 50, Altos-PI
5011,Clara Sousa,25825825825,86998889999,Rua Nova Esperança 12, Timon-MA
5012,Bruno Farias,36936936936,86999990000,Rua da Liberdade 200, Teresina-PI
5013,Rafaela Dias,74174174174,86990001111,Rua Santa Luzia 55, Parnaíba-PI
5014,Gustavo Lima,85285285285,86991112233,Avenida Maranhão 99, Teresina-PI
5015,Joana Nunes,96396396396,86992223344,Rua das Acácias 111, Timon-MA
5016,Vinícius Barbosa,15915915915,86993334455,Rua das Flores 90, Campo Maior-PI
5017,Letícia Castro,75375375375,86994445566,Avenida Boa Vista 43, Altos-PI
5018,André Carvalho,35735735735,86995556677,Rua São João 20, Teresina-PI
5019,Mariana Ribeiro,95195195195,86996667788,Rua Lagoa Azul 34, Timon-MA
5020,Camila Torres,15975315975,86997778899,Avenida Rio Poti 77, Teresina-PI
5021,Paulo Henrique Souza,75315975315,86998889900,Rua do Contorno 45, Altos-PI
5022,Aline Ferreira,35715935715,86999990011,Rua Nova 80, Teresina-PI
5023,Thiago Gomes,95135795135,86990001122,Avenida Brasil 130, Timon-MA
5024,Isabela Duarte,15935715935,86991112233,Rua Bela Vista 25, Campo Maior-PI
5025,Rodrigo Barros,75395175395,86992223344,Rua do Comércio 12, Teresina-PI
5026,Sabrina Nogueira,35795135795,86993334455,Rua Alvorada 56, Altos-PI
5027,Henrique Cardoso,95115995115,86994445566,Rua do Sol 98, Teresina-PI
5028,Juliana Tavares,15995115995,86995556677,Rua Santa Rita 70, Timon-MA
5029,Leandro Souza,75335775335,86996667788,Rua Piauí 21, Teresina-PI
5030,Patrícia Melo,35775335735,86997778899,Rua Santo Antônio 19, Altos-PI
5031,Rafael Costa,95175395175,86998889900,Rua Primavera 27, Teresina-PI
5032,Carolina Lopes,15935795135,86999990011,Rua Central 10, Timon-MA
5033,Guilherme Silva,75315935795,86990001122,Rua das Árvores 34, Altos-PI
5034,Natalia Barbosa,35795175315,86991112233,Rua Aurora 88, Teresina-PI
5035,Danilo Martins,95115935775,86992223344,Rua Maranhão 61, Timon-MA
5036,Vanessa Rocha,15995175395,86993334455,Rua São Francisco 32, Teresina-PI
5037,Felipe Araújo,75335715935,86994445566,Rua do Cajueiro 29, Campo Maior-PI
5038,Luana Monteiro,35775395115,86995556677,Rua Planalto 77, Teresina-PI
5039,Andressa Lima,95175315995,86996667788,Rua do Mercado 40, Altos-PI
5040,Caio Ribeiro,15935775335,86997778899,Rua Vila Nova 12, Timon-MA
5041,Matheus Fonseca,75395135735,86998889900,Avenida Central 100, Teresina-PI
5042,Tatiane Nogueira,35715995175,86999990011,Rua Verdejante 53, Altos-PI
5043,Diego Oliveira,95135715935,86990001122,Rua Bela Aurora 41, Timon-MA
5044,Renata Campos,15975395135,86991112233,Rua Principal 88, Teresina-PI
5045,Alexandre Lopes,75315915935,86992223344,Rua 13 de Maio 27, Campo Maior-PI
5046,Débora Ferreira,35795195115,86993334455,Rua Nova Esperança 15, Altos-PI
5047,Ricardo Moreira,95175375395,86994445566,Rua Boa Vista 66, Teresina-PI
5048,Sueli Pereira,15935735795,86995556677,Rua das Amoras 12, Timon-MA
5049,Fábio Almeida,75395115915,86996667788,Rua José Bonifácio 33, Teresina-PI
5050,Eduarda Santos,35715975335,86997778899,Rua 15 de Novembro 77, Altos-PI
5051,Andréa Vasconcelos,95135735735,86998889900,Rua Central 66, Timon-MA
5052,Leonardo Cardoso,15975375375,86999990011,Rua Dom Severino 22, Teresina-PI
5053,Brenda Costa,75315995135,86990001122,Rua das Palmeiras 17, Campo Maior-PI
5054,Hugo Matos,35795115995,86991112233,Rua Nova 89, Altos-PI
5055,Priscila Moura,95175335715,86992223344,Rua Esperança 23, Teresina-PI
5056,Renan Oliveira,15935795175,86993334455,Rua das Rosas 14, Timon-MA
5057,Talita Andrade,75395175335,86994445566,Rua do Parque 71, Teresina-PI
5058,Mateus Correia,35715935735,86995556677,Rua Nova Olinda 13, Altos-PI
5059,Letícia Ribeiro,95135775395,86996667788,Rua São Benedito 22, Teresina-PI
5060,Anderson Castro,15975315915,86997778899,Rua do Comércio 45, Timon-MA
5061,Larissa Fernandes,75315975335,86998889900,Rua dos Coqueiros 78, Altos-PI
5062,Bruno Reis,35795135735,86999990011,Rua José de Freitas 90, Teresina-PI
5063,Ana Clara Mourão,95175395175,86990001122,Rua Brasil 64, Campo Maior-PI
5064,Vítor Sousa,15935715935,86991112233,Rua 7 de Setembro 12, Altos-PI
5065,Carla Mendes,75395175395,86992223344,Rua Boa Esperança 91, Timon-MA
5066,Diego Freitas,35795115935,86993334455,Rua São Paulo 83, Teresina-PI
5067,Laura Araújo,95115975315,86994445566,Rua Lagoa 33, Altos-PI
5068,Thiago Rocha,15995135795,86995556677,Rua das Árvores 10, Timon-MA
5069,Gabriela Melo,75335795135,86996667788,Rua Central 85, Teresina-PI
5070,Henrique Nunes,35775315995,86997778899,Rua Bela Vista 73, Campo Maior-PI
5071,Marina Lemos,95175335735,86998889900,Rua dos Cajueiros 52, Teresina-PI
5072,Rodrigo Pires,15935775335,86999990011,Rua São José 24, Altos-PI
5073,Paula Viana,75395195115,86990001122,Rua das Flores 19, Timon-MA
5074,Igor Tavares,35715995195,86991112233,Rua Nova Aliança 41, Teresina-PI
5075,Flávia Costa,95135715915,86992223344,Rua Central 10, Altos-PI
5076,William Duarte,15975395175,86993334455,Rua das Américas 57, Timon-MA
5077,Manuela Ferreira,75315935735,86994445566,Rua Liberdade 31, Teresina-PI
5078,Paulo Victor Lima,35795175395,86995556677,Rua Frei Serafim 144, Teresina-PI
5079,Letícia Gomes,95115935735,86996667788,Rua Bela Aurora 28, Timon-MA
5080,César Matos,15995195115,86997778899,Rua Nova Esperança 12, Altos-PI
5081,Joana Prado,75335775395,86998889900,Rua Santo Antônio 50, Teresina-PI
5082,Felipe Duarte,35775335715,86999990011,Rua Lagoa Azul 18, Timon-MA
5083,Tatiana Lima,95175395115,86990001122,Rua do Mercado 32, Altos-PI
5084,Anderson Reis,15935795175,86991112233,Rua Central 19, Teresina-PI
5085,Mariana Figueiredo,75395175335,86992223344,Rua Bela Vista 75, Timon-MA
5086,Rafael Pacheco,35795135795,86993334455,Rua Boa Vista 92, Teresina-PI
5087,Beatriz Araújo,95115995135,86994445566,Rua Central 28, Altos-PI
5088,Leonardo Rocha,15995115995,86995556677,Rua Principal 80, Timon-MA
5089,Aline Costa,75335775315,86996667788,Rua das Acácias 12, Teresina-PI
5090,Pedro Moura,35775395175,86997778899,Rua das Flores 91, Timon-MA
5091,Camila Souza,95175315915,86998889900,Rua 3 de Maio 33, Teresina-PI
5092,Marcos Paulo,15935735775,86999990011,Rua Bela Vista 10, Altos-PI
5093,Sabrina Matos,75395115935,86990001122,Rua Aurora 40, Timon-MA
5094,Gustavo Cardoso,35715975375,86991112233,Rua Liberdade 60, Teresina-PI
5095,Lívia Castro,95135795135,86992223344,Rua Boa Esperança 28, Campo Maior-PI
5096,Caio Andrade,15975315975,86993334455,Rua Central 24, Altos-PI
5097,Caroline Santos,75315975315,86994445566,Rua São Pedro 16, Timon-MA
5098,Fernando Lima,35795135735,86995556677,Rua Bela Vista 70, Teresina-PI
5099,Laura Oliveira,95175395175,86996667788,Rua São José 81, Altos-PI
5100,José Ricardo,15935715995,86997778899,Rua Central 88, Timon-MA
